TA with Auckland Local Board,Year at 30 June,Euro-all-ages,Euro-5-9,Euro-10-14,Euro-15-19,Maori-all-ages,Maori-5-9,Maori-10-14,Maori-15-19,Asian-all-ages,Asian-5-9,Asian-10-14,Asian-15-19,Pacific-all-ages,Pacific-5-9,Pacific-10-14,Pacific-15-19,Total-all-ages,Total-5-9,Total-10-14,Total-15-19
Far North district,2013,40800,2750,2770,2420,27100,2980,2950,2510,1630,130,115,100,2540,360,390,280,60600,4560,4710,4140
Far North district,2018,42600,3080,2850,2020,28700,3200,3070,2720,2310,200,160,120,3110,480,390,400,62900,4820,4730,3960
Far North district,2023,43800,3150,3150,2060,30300,3050,3320,2860,2920,270,220,150,3760,510,500,400,64100,4470,4970,3940
Far North district,2028,44900,3310,3230,2350,31800,3090,3160,3120,3440,310,280,210,4470,600,530,510,64900,4490,4620,4180
Far North district,2033,45700,3390,3380,2430,33300,3120,3210,2950,3940,320,320,270,5280,710,620,530,65200,4350,4630,3830
Far North district,2038,46100,3290,3470,2580,34900,3200,3240,3000,4430,320,330,310,6210,840,730,620,64900,4110,4500,3850
Whangarei district,2013,67500,4720,4470,4270,23100,2680,2430,2250,3230,230,240,240,2640,360,350,300,83700,6200,5940,5590
Whangarei district,2018,71800,5400,4870,4150,26000,3210,2790,2420,4850,380,300,300,3450,530,400,360,90600,6930,6500,5610
Whangarei district,2023,74600,5320,5490,4450,29000,3100,3340,2800,6140,540,420,330,4160,610,550,390,95500,6540,7160,6080
Whangarei district,2028,76600,5490,5380,5030,32100,3270,3240,3380,7110,570,550,430,4950,670,630,550,99200,6710,6750,6710
Whangarei district,2033,78200,5570,5540,4910,35400,3470,3420,3270,8050,570,590,560,5820,760,690,630,102400,6730,6910,6290
Whangarei district,2038,79300,5480,5620,5080,39100,3760,3620,3460,8970,560,580,600,6800,860,780,690,105000,6630,6940,6460
Kaipara district,2013,17350,1140,1150,1060,5010,530,570,490,470,40,40,25,660,85,90,80,20500,1390,1450,1320
Kaipara district,2018,18750,1210,1190,870,5520,630,550,560,1050,90,80,60,860,140,100,95,22600,1490,1490,1260
Kaipara district,2023,19350,1240,1210,860,5950,630,650,530,1440,115,115,90,1030,140,145,100,23600,1430,1560,1250
Kaipara district,2028,19850,1300,1240,880,6410,670,650,640,1730,120,130,120,1230,160,145,145,24400,1500,1500,1320
Kaipara district,2033,20100,1320,1310,910,6900,700,690,640,2020,120,130,140,1450,190,165,145,24900,1470,1560,1260
Kaipara district,2038,20100,1240,1330,970,7420,740,730,680,2310,130,130,140,1710,225,195,165,25200,1370,1530,1320
Auckland,2013,886400,58960,55640,57470,169800,18670,16790,17010,348900,21080,20540,26840,227000,25360,24480,23470,1493200,102070,99570,108750
Auckland,2018,946700,63460,60280,56710,188100,20250,18470,17880,472700,28220,24520,26340,252400,27470,24810,24930,1699900,110790,103670,109130
Auckland,2023,986800,56490,64080,60050,204900,18910,19910,19410,567500,34390,30010,27850,279500,25760,26890,25280,1859300,107790,111500,111900
Auckland,2028,1014700,59400,56490,63250,221600,20380,18450,20850,645200,40210,35310,32410,307800,28860,25140,27350,1990100,122760,107430,118780
Auckland,2033,1038800,61090,59440,55680,239200,21620,19960,19340,719000,41500,41060,37690,337300,31550,28230,25590,2112000,128200,122400,114730
Auckland,2038,1057600,60310,61150,58630,257600,22830,21250,20920,788800,40170,42330,43410,367000,33450,30920,28700,2222700,125170,127840,129700
Rodney local board area,2013,52500,3850,3890,3440,6080,720,680,550,2300,190,150,160,1740,230,195,155,57300,4180,4260,3810
Rodney local board area,2018,59100,3930,4270,3980,6890,840,780,670,4450,290,290,210,2200,250,240,160,66800,4130,4470,4060
Rodney local board area,2023,65800,4290,4340,4330,7780,830,910,780,6280,470,370,320,2680,330,270,210,76100,4190,4400,4250
Rodney local board area,2028,72400,4980,4690,4380,8750,920,910,910,7400,530,500,360,3160,370,350,230,84600,5070,4410,4170
Rodney local board area,2033,79100,5600,5390,4730,9830,1030,1000,910,8440,510,560,490,3640,390,380,320,92900,5670,5300,4180
Rodney local board area,2038,85600,5980,6010,5420,11050,1150,1110,1010,9420,490,540,540,4140,400,400,350,100700,5870,5890,5060
Hibiscus and Bays local board area,2013,83300,5350,5650,6040,6030,660,620,620,8480,540,560,720,2000,250,205,195,94000,5910,6290,6930
Hibiscus and Bays local board area,2018,93300,5730,6140,6070,7150,810,750,700,12250,800,750,700,2490,280,270,210,109000,6460,6720,6860
Hibiscus and Bays local board area,2023,100300,5310,6330,6310,8160,750,880,810,15250,1310,940,820,3000,320,300,270,119900,6510,7190,7170
Hibiscus and Bays local board area,2028,106300,6050,5820,6410,9200,820,810,950,17650,1540,1420,970,3520,350,340,310,128900,7530,7130,7580
Hibiscus and Bays local board area,2033,112300,6780,6580,5910,10350,910,890,880,19950,1540,1650,1450,4040,370,370,340,137300,7980,8160,7510
Hibiscus and Bays local board area,2038,117800,7090,7310,6660,11550,1010,980,950,22100,1460,1650,1670,4590,400,390,370,144800,7860,8620,8550
Upper Harbour local board area,2013,37500,2550,2790,2790,3280,310,320,350,16800,980,1020,1340,1430,150,130,125,56800,3580,3900,4320
Upper Harbour local board area,2018,41700,2490,2730,2880,3780,350,350,370,23800,1480,1260,1240,1760,185,175,115,69100,4110,4070,4530
Upper Harbour local board area,2023,45200,1980,2650,2780,4250,300,390,390,30500,2320,1710,1440,2100,220,210,160,80500,4520,4570,4660
Upper Harbour local board area,2028,48900,2360,2140,2710,4700,340,330,430,36500,2860,2500,1850,2450,240,240,190,91200,5410,4950,5150
Upper Harbour local board area,2033,52400,2680,2520,2200,5170,370,370,370,42400,3080,3040,2630,2800,260,270,230,101600,5960,5850,5530
Upper Harbour local board area,2038,55600,2780,2850,2580,5660,410,400,410,48200,3110,3250,3170,3160,270,280,250,111700,6120,6400,6440
Kaipatiki local board area,2013,56800,3650,3000,3300,7950,850,710,800,23100,1300,1270,1640,5460,590,590,570,87000,5340,4800,5570
Kaipatiki local board area,2018,58000,4530,3530,3020,8450,880,870,780,30300,1900,1500,1630,6150,630,610,690,94900,6330,5120,5240
Kaipatiki local board area,2023,57900,3860,4410,3520,8910,820,900,940,36200,2510,2010,1750,6820,560,650,700,100300,6200,6070,5510
Kaipatiki local board area,2028,56900,3630,3720,4390,9210,810,820,960,41000,2880,2560,2210,7470,630,570,730,103900,6630,5880,6440
Kaipatiki local board area,2033,55400,3290,3490,3700,9520,790,810,880,45700,2950,2930,2760,8180,710,640,650,106700,6480,6310,6250
Kaipatiki local board area,2038,53600,2940,3140,3470,9840,810,790,870,50100,2870,3000,3130,8920,790,720,720,109000,5990,6170,6690
Devonport-Takapuna local board area,2013,44500,2770,2720,2880,3450,300,310,330,11900,720,900,1180,1510,135,145,165,58500,3500,3730,4230
Devonport-Takapuna local board area,2018,45200,2850,2880,2640,3720,280,280,390,15750,900,990,1200,1830,180,140,195,63100,3790,3810,4220
Devonport-Takapuna local board area,2023,45600,2350,2950,2770,3890,270,260,360,18700,1120,1110,1240,2170,160,180,190,66500,3640,4080,4270
Devonport-Takapuna local board area,2028,46000,2500,2460,2850,4030,270,250,340,21100,1270,1290,1320,2530,190,160,230,69500,3970,3920,4540
Devonport-Takapuna local board area,2033,46200,2580,2610,2360,4140,270,250,320,23400,1330,1440,1500,2890,210,190,210,72300,4070,4260,4380
Devonport-Takapuna local board area,2038,46200,2500,2680,2510,4230,260,240,320,25700,1320,1500,1650,3260,230,220,240,74700,4000,4370,4720
Henderson-Massey local board area,2013,63900,4540,3870,4050,18650,2180,1860,1920,25000,1750,1580,1820,22600,2600,2460,2390,113500,8380,7770,8380
Henderson-Massey local board area,2018,66100,5440,4290,3730,20500,2660,2170,1990,32500,2480,1890,1750,25300,2970,2620,2550,125000,9810,8080,8230
Henderson-Massey local board area,2023,68000,4810,5260,4180,22300,2510,2640,2280,39700,3080,2580,2040,28400,2830,2990,2730,136100,9750,9500,8520
Henderson-Massey local board area,2028,69500,4800,4630,5170,23900,2610,2470,2760,46900,3540,3180,2750,31700,3200,2860,3110,147400,10660,9440,9940
Henderson-Massey local board area,2033,70600,4640,4620,4540,25800,2720,2570,2580,53800,3730,3630,3340,35300,3550,3230,2970,158400,11120,10350,9880
Henderson-Massey local board area,2038,71300,4420,4460,4520,27900,2890,2680,2690,60500,3760,3820,3790,39100,3860,3590,3340,169100,11280,10800,10790
Waitakere Ranges local board area,2013,40000,3020,2830,2670,5950,660,630,600,5170,430,370,350,5790,660,610,600,50700,3830,3630,3560
Waitakere Ranges local board area,2018,42100,3130,2910,2770,6670,810,700,600,7720,600,520,400,6470,810,660,560,55500,4090,3750,3510
Waitakere Ranges local board area,2023,43300,2460,2970,2780,7440,830,870,680,9820,790,660,520,7190,760,810,610,58900,3870,3990,3600
Waitakere Ranges local board area,2028,44400,2710,2280,2830,8230,900,890,850,11150,910,790,610,7920,820,760,760,61100,4180,3720,3800
Waitakere Ranges local board area,2033,45600,3000,2540,2140,9090,960,960,860,12400,900,910,740,8680,860,820,710,62900,4220,4030,3530
Waitakere Ranges local board area,2038,46400,3080,2830,2400,10050,1030,1020,940,13650,880,900,860,9440,900,860,770,64200,3990,4070,3830
Great Barrier local board area,2013,870,60,40,10,180,30,15,5,20,0,0,0,30,5,0,0,950,60,45,15
Great Barrier local board area,2018,880,60,55,25,200,15,30,15,20,0,0,0,40,10,5,0,980,60,60,25
Great Barrier local board area,2023,880,60,55,40,230,25,15,30,20,0,0,0,40,5,10,5,1000,65,55,40
Great Barrier local board area,2028,880,55,55,35,270,25,25,15,20,0,0,0,50,5,5,10,1010,60,65,35
Great Barrier local board area,2033,880,60,50,40,320,35,25,25,20,0,0,0,70,5,5,5,1030,60,60,40
Great Barrier local board area,2038,880,70,55,35,370,45,35,30,20,0,0,0,90,10,5,5,1050,65,60,35
Waiheke local board area,2013,7830,490,410,390,1050,115,95,90,350,25,20,20,280,25,30,40,8630,530,450,450
Waiheke local board area,2018,8560,520,470,350,1210,120,115,80,440,30,25,20,330,25,25,25,9560,560,520,380
Waiheke local board area,2023,8920,420,480,380,1390,120,120,105,540,45,30,25,390,30,25,20,10100,510,550,440
Waiheke local board area,2028,9290,460,380,400,1580,145,120,110,640,60,45,30,460,40,30,20,10650,560,500,470
Waiheke local board area,2033,9600,490,420,290,1770,160,145,110,750,65,60,45,520,45,40,25,11100,560,540,420
Waiheke local board area,2038,9830,500,460,330,1960,170,160,135,850,65,65,60,580,50,45,35,11400,540,550,460
Waitemata local board area,2013,51500,2140,1750,3250,5630,310,270,560,23600,480,440,2020,4570,290,310,400,81300,2740,2410,5650
Waitemata local board area,2018,61100,2300,2010,2650,6070,340,280,390,44200,1020,690,2910,4650,330,280,330,114000,3450,3000,6420
Waitemata local board area,2023,66800,2130,2090,2690,6490,290,310,390,55200,1510,1000,2190,4740,360,330,310,132700,3120,3490,6690
Waitemata local board area,2028,68500,2250,1790,2550,6910,320,270,440,64000,1990,1450,2310,4830,360,360,360,144600,3780,3030,6830
Waitemata local board area,2033,69700,2160,1910,2260,7350,330,300,390,72500,2210,1920,2750,4900,350,360,390,156000,4000,3690,6370
Waitemata local board area,2038,70400,1950,1820,2380,7780,320,300,420,80700,2130,2130,3220,4970,340,350,390,166600,3800,3910,7080
Whau local board area,2013,35000,2130,1820,1980,7670,790,690,790,27100,1630,1430,1880,14350,1470,1390,1450,76700,4870,4490,5330
Whau local board area,2018,35700,2730,2110,1600,8410,870,740,710,36300,2230,1730,1860,15350,1470,1350,1540,86800,5560,4700,5000
Whau local board area,2023,36100,2520,2720,1870,9040,860,810,760,43500,2390,2200,2010,16550,1230,1370,1500,95000,5470,5350,5160
Whau local board area,2028,36400,2480,2510,2490,9540,870,790,830,49800,2960,2330,2440,17900,1460,1120,1510,102400,6470,5240,5790
Whau local board area,2033,36600,2350,2470,2280,10000,860,810,810,56100,3210,2880,2570,19300,1660,1350,1270,109500,6820,6230,5690
Whau local board area,2038,36600,2160,2340,2240,10400,850,800,830,62100,3210,3140,3120,20800,1770,1550,1500,116100,6640,6580,6680
Albert-Eden local board area,2013,63400,4090,3990,4280,7440,610,620,730,28600,1630,1810,2320,8110,680,750,870,100000,6060,6280,7300
Albert-Eden local board area,2018,67100,4060,4190,4040,8270,560,570,830,35300,1630,1710,2140,8340,650,660,840,110200,6100,6320,7260
Albert-Eden local board area,2023,69100,3130,4080,4130,9060,480,510,780,41300,1580,1640,1960,8600,490,630,740,117800,5320,6310,7230
Albert-Eden local board area,2028,70300,3370,3110,3990,9850,520,440,730,46400,2140,1530,1820,8880,560,470,710,123600,6040,5500,7200
Albert-Eden local board area,2033,71100,3450,3350,3030,10650,560,480,650,51500,2500,2080,1710,9190,620,540,550,129000,6410,6220,6390
Albert-Eden local board area,2038,71500,3300,3440,3260,11400,590,520,700,56400,2580,2430,2260,9470,640,590,620,133900,6340,6600,7120
Puketapapa local board area,2013,21800,1180,1060,1290,3540,350,310,360,24600,1350,1450,2010,9100,970,920,910,56300,3420,3360,4250
Puketapapa local board area,2018,21900,1250,1070,980,4140,330,340,390,31100,1640,1560,1910,10050,1010,1040,1030,63700,3770,3550,3960
Puketapapa local board area,2023,21500,1070,1120,960,4740,380,310,410,35800,1700,1730,1880,11050,800,1080,1140,68900,3710,3860,4090
Puketapapa local board area,2028,20600,1080,930,1000,5350,440,360,380,39900,2060,1770,2030,12150,920,870,1180,73200,4330,3770,4370
Puketapapa local board area,2033,19450,950,940,810,5970,470,420,440,43700,2180,2120,2070,13250,1030,980,970,77100,4480,4390,4280
Puketapapa local board area,2038,18100,720,810,810,6590,490,460,500,47200,2090,2240,2420,14350,1100,1090,1080,80500,4220,4530,4910
Orakei local board area,2013,64700,4440,4300,3710,4530,430,410,410,15650,980,1000,1190,2770,270,250,240,83700,5470,5440,5090
Orakei local board area,2018,69200,4070,4600,4530,5410,440,460,500,20200,1070,1040,1060,3070,280,270,260,93100,5410,5800,5610
Orakei local board area,2023,72100,3150,4130,4690,6290,450,480,550,23900,1230,1080,1040,3390,270,280,280,100100,5090,5690,5910
Orakei local board area,2028,74400,3480,3140,4180,7150,510,480,570,27000,1530,1200,1050,3720,300,280,300,105800,5710,5330,5800
Orakei local board area,2033,76700,3850,3480,3200,8040,560,550,580,30000,1640,1500,1180,4050,320,300,290,111100,6020,5950,5430
Orakei local board area,2038,78700,4020,3850,3540,8950,610,600,640,32800,1600,1610,1470,4390,340,330,320,115800,5980,6260,6050
Maungakiekie-Tamaki local board area,2013,35500,2140,1610,1610,10200,1050,900,910,17500,1020,830,970,19450,2220,2080,1960,73700,5110,4380,4490
Maungakiekie-Tamaki local board area,2018,38400,3170,2190,1600,11000,970,840,880,23500,1320,960,940,20700,2010,1970,2190,82700,5500,4520,4600
Maungakiekie-Tamaki local board area,2023,41000,3180,3270,2210,11500,820,730,800,29000,1510,1220,1050,22300,1720,1760,2090,91700,5190,4900,4730
Maungakiekie-Tamaki local board area,2028,43100,2940,3290,3290,12050,950,580,680,33700,1980,1380,1270,24100,2090,1470,1880,99900,6200,4570,5100
Maungakiekie-Tamaki local board area,2033,44700,2550,3040,3320,12600,1050,710,520,38400,2160,1840,1430,26100,2400,1840,1590,107800,6650,5570,4770
Maungakiekie-Tamaki local board area,2038,46300,2300,2650,3070,13100,1060,810,660,42900,2170,2020,1890,28000,2540,2140,1950,115200,6570,6020,5770
Howick local board area,2013,74700,5050,5130,5300,7710,890,860,820,52400,3220,3490,4270,6800,750,750,760,135000,8660,9170,10310
Howick local board area,2018,76300,4550,5140,4970,8950,970,1030,960,67900,4550,4240,4010,8100,860,890,770,153700,9490,9580,10100
Howick local board area,2023,77700,3850,4660,4970,10050,930,1090,1110,78200,5040,5190,4350,9360,1030,990,890,167300,9990,10320,10380
Howick local board area,2028,77400,4060,3840,4380,11250,1020,1040,1170,87100,5470,5630,5280,10700,1120,1150,1000,177500,10890,10670,11000
Howick local board area,2033,76700,4220,4060,3570,12550,1130,1130,1120,95200,5380,6060,5720,12050,1200,1240,1160,186600,10960,11590,11360
Howick local board area,2038,75500,4180,4220,3780,13950,1240,1240,1220,102700,5010,5970,6150,13500,1270,1320,1250,194500,10420,11670,12280
Mangere-Otahuhu local board area,2013,15250,1250,1040,1070,12350,1470,1270,1260,13050,930,840,950,44900,4960,4930,4640,75300,6920,6770,6650
Mangere-Otahuhu local board area,2018,16050,1340,1230,1100,13100,1400,1330,1220,16600,1170,990,840,49000,5280,4740,4720,82900,7100,6610,6750
Mangere-Otahuhu local board area,2023,15850,1310,1260,1230,13550,1100,1230,1240,19350,1200,1180,950,53300,4700,5060,4530,89000,6600,6760,6530
Mangere-Otahuhu local board area,2028,15350,1250,1210,1240,13800,1120,910,1130,21500,1370,1180,1110,57700,5200,4480,4860,94300,7660,6230,6670
Mangere-Otahuhu local board area,2033,14800,1170,1160,1190,13950,1100,930,810,23500,1370,1350,1110,62200,5580,4980,4280,99000,8020,7290,6140
Mangere-Otahuhu local board area,2038,14200,1100,1080,1140,13900,1030,910,820,25200,1280,1350,1280,66500,5770,5360,4780,103100,7730,7640,7190
Otara-Papatoetoe local board area,2013,17400,1190,1140,1230,12900,1410,1320,1330,24500,1750,1520,1870,36600,4050,4120,3820,80300,6650,6550,6880
Otara-Papatoetoe local board area,2018,17250,1560,1130,1040,13300,1470,1310,1330,32200,2250,2000,1700,39200,4350,3990,4170,88900,7160,6420,6720
Otara-Papatoetoe local board area,2023,16500,1320,1480,980,13550,1030,1350,1290,38200,2510,2390,2050,41900,3900,4280,4040,95800,6580,6890,6530
Otara-Papatoetoe local board area,2028,15350,1270,1210,1300,13600,1090,880,1320,41500,2660,2510,2300,44800,4240,3830,4330,100900,7560,6200,6900
Otara-Papatoetoe local board area,2033,14050,1150,1160,1030,13650,1100,940,830,44400,2420,2660,2430,48000,4560,4170,3890,105400,7790,7180,6220
Otara-Papatoetoe local board area,2038,12600,960,1030,980,13550,1090,950,890,46900,2130,2430,2570,51100,4770,4490,4230,109100,7380,7410,7190
Manurewa local board area,2013,32100,2580,2280,2260,22100,2710,2380,2330,17850,1350,1140,1300,29100,3660,3350,3060,87000,7790,7110,7160
Manurewa local board area,2018,33300,2830,2500,2370,24700,2870,2570,2550,21100,1620,1290,920,34800,4170,3460,3400,96600,8130,7150,6870
Manurewa local board area,2023,30900,2350,2500,2340,27100,2940,2700,2710,23700,2090,1540,1070,40500,4140,3950,3500,101700,7670,7410,6790
Manurewa local board area,2028,27300,1940,1950,2270,29700,3280,2760,2850,24800,2140,1930,1240,46100,4640,3900,3960,104100,8520,6800,6920
Manurewa local board area,2033,23500,1660,1530,1720,32500,3540,3110,2920,25500,1910,1980,1640,51900,5090,4400,3910,105400,8370,7640,6310
Manurewa local board area,2038,19500,1370,1240,1310,35500,3780,3380,3280,25900,1620,1750,1690,57600,5470,4840,4410,105500,7500,7480,7140
Papakura local board area,2013,29500,2130,1860,1910,13650,1670,1410,1290,6340,480,400,490,7270,1010,860,750,48200,3880,3470,3540
Papakura local board area,2018,30800,2420,2090,1960,15450,2030,1730,1460,10950,790,680,610,8960,1240,1040,890,56200,4550,3890,3670
Papakura local board area,2023,32100,2310,2380,2170,17300,1960,2100,1790,14250,1320,890,780,10700,1260,1260,1060,63200,4640,4530,4040
Papakura local board area,2028,33200,2450,2270,2460,19300,2100,2020,2170,16850,1490,1380,950,12600,1450,1280,1290,69200,5470,4560,4650
Papakura local board area,2033,34200,2510,2400,2350,21500,2240,2170,2090,19300,1500,1540,1430,14650,1660,1480,1310,75000,5800,5390,4690
Papakura local board area,2038,35100,2510,2470,2480,23900,2440,2310,2240,21700,1480,1560,1600,16850,1870,1680,1500,80600,5740,5710,5510
Franklin local board area,2013,58400,4360,4440,4000,9470,1150,1130,950,4520,330,320,340,3080,390,380,380,68300,5190,5280,4840
Franklin local board area,2018,64600,4530,4740,4410,10700,1220,1230,1090,6290,450,400,270,3720,470,380,300,77200,5250,5530,5110
Franklin local board area,2023,71200,4610,4940,4710,11950,1210,1300,1190,8170,650,530,370,4380,620,460,300,86600,5180,5590,5360
Franklin local board area,2028,78100,5290,5040,4920,13200,1330,1290,1260,10050,820,730,500,5030,670,610,380,96300,6040,5530,5430
Franklin local board area,2033,85200,5960,5720,5010,14550,1450,1410,1250,11900,900,900,700,5640,670,660,530,106000,6740,6390,5360
Franklin local board area,2038,92000,6410,6410,5700,15950,1570,1540,1370,13700,910,970,870,6250,670,670,580,115300,7140,7090,6220
Thames-Coromandel district,2013,24500,1340,1350,1090,4740,510,500,430,800,65,45,55,460,50,50,40,27300,1540,1580,1310
Thames-Coromandel district,2018,25700,1400,1430,1130,5120,560,540,500,1290,105,80,65,530,70,55,55,29000,1570,1610,1350
Thames-Coromandel district,2023,25800,1340,1440,1160,5480,470,580,540,1610,155,110,85,570,75,75,55,29400,1440,1600,1340
Thames-Coromandel district,2028,25800,1310,1380,1170,5830,490,490,580,1910,160,155,115,620,70,75,75,29600,1420,1470,1330
Thames-Coromandel district,2033,25500,1290,1350,1110,6200,540,510,480,2190,160,160,160,680,75,75,75,29500,1350,1460,1200
Thames-Coromandel district,2038,25000,1250,1330,1070,6580,590,560,510,2470,160,170,170,760,85,80,75,29000,1260,1390,1190
Hauraki district,2013,16000,930,1090,1000,4070,440,420,380,520,30,35,35,460,60,60,45,18600,1140,1280,1200
Hauraki district,2018,17000,1080,970,910,4600,610,480,420,980,75,50,55,580,90,70,65,20200,1340,1200,1090
Hauraki district,2023,17100,1110,1080,750,5040,560,650,490,1210,115,80,55,710,105,95,70,20700,1280,1370,970
Hauraki district,2028,17150,1130,1100,850,5400,540,600,660,1380,115,115,80,850,115,110,100,20900,1340,1310,1140
Hauraki district,2033,16950,1120,1120,870,5770,530,570,600,1550,120,120,115,1010,130,120,115,20900,1270,1360,1080
Hauraki district,2038,16550,1030,1110,890,6180,560,560,570,1700,115,120,120,1200,155,140,125,20700,1130,1300,1130
Waikato district,2013,53200,4290,4240,3510,16700,2030,1880,1510,2640,220,220,220,2500,330,330,230,66500,5500,5480,4600
Waikato district,2018,59600,4550,4610,3780,18650,2070,2120,1940,3860,330,290,270,3210,400,360,340,75200,5770,5920,5190
Waikato district,2023,64200,4780,4720,4010,20500,2160,2150,2180,5040,420,390,330,3910,510,430,380,81700,5760,6120,5500
Waikato district,2028,68300,5090,4930,4090,22400,2270,2230,2210,5750,470,440,390,4590,550,530,440,87200,6140,6080,5670
Waikato district,2033,72200,5350,5240,4290,24600,2450,2350,2300,6450,480,480,440,5320,600,570,540,92400,6390,6460,5620
Waikato district,2038,75900,5430,5510,4600,26900,2680,2540,2420,7140,500,500,490,6110,670,620,580,97200,6460,6710,6000
Matamata-Piako district,2013,28700,2000,1980,1900,5120,620,580,500,1400,120,105,110,550,70,65,55,32900,2380,2370,2230
Matamata-Piako district,2018,29600,2120,2020,1720,5790,720,640,600,2250,160,160,140,730,110,80,65,35000,2530,2410,2150
Matamata-Piako district,2023,30000,2180,2120,1730,6390,710,740,650,2630,230,170,150,870,120,120,80,35900,2450,2530,2140
Matamata-Piako district,2028,30300,2290,2180,1820,7030,760,730,760,3000,240,230,160,1020,125,125,115,36500,2500,2460,2260
Matamata-Piako district,2033,30400,2310,2290,1880,7730,810,780,750,3370,250,240,230,1180,135,130,125,36900,2400,2500,2190
Matamata-Piako district,2038,30300,2180,2310,1990,8510,890,840,800,3720,250,250,240,1360,155,145,130,37100,2220,2400,2230
Hamilton city,2013,105200,6930,6340,8150,33100,3620,3310,3610,21400,1410,1300,1590,7980,920,910,910,150200,10440,9860,12150
Hamilton city,2018,110100,7670,6890,8430,37700,4430,3770,3520,30900,2360,1890,1870,10350,1410,1060,970,168700,12290,10930,12740
Hamilton city,2023,113900,6820,7630,8890,42500,4690,4630,4020,36800,3110,2600,2200,12500,1660,1510,1090,182100,12120,12640,13490
Hamilton city,2028,116800,7280,6730,9610,47400,5000,4910,4930,41900,3180,3310,2880,14750,1780,1770,1550,193500,12890,12400,15140
Hamilton city,2033,119400,7530,7210,8730,52600,5180,5220,5210,46700,3120,3380,3580,17150,1930,1890,1810,204400,13220,13170,14900
Hamilton city,2038,121600,7480,7450,9210,58100,5460,5410,5540,51500,3060,3320,3650,19700,2110,2030,1930,214700,13240,13490,15670
Waipa district,2013,43700,3100,3180,3030,7080,800,790,710,1450,100,100,150,660,95,90,55,48700,3500,3610,3510
Waipa district,2018,48000,3380,3410,3020,7860,850,830,810,2290,180,140,190,860,110,115,100,53900,3730,3890,3500
Waipa district,2023,50400,3440,3580,3130,8630,880,880,860,3100,260,210,220,1040,150,125,120,57200,3670,4010,3690
Waipa district,2028,52700,3610,3640,3290,9410,940,910,910,3610,300,270,250,1210,160,165,130,59900,3860,3930,3800
Waipa district,2033,54700,3760,3810,3350,10250,1000,980,940,4110,300,300,310,1400,175,170,170,62300,3930,4120,3720
Waipa district,2038,56400,3750,3960,3520,11150,1070,1040,1010,4590,310,310,350,1620,200,185,175,64300,3860,4190,3910
Otorohanga district,2013,7740,620,510,540,2640,280,260,240,260,20,10,10,220,25,35,20,9590,760,670,670
Otorohanga district,2018,8230,740,610,400,2900,330,280,290,440,35,25,15,270,25,25,45,10300,870,750,600
Otorohanga district,2023,8610,750,730,500,3120,340,340,310,620,55,45,30,330,30,25,35,10850,930,850,660
Otorohanga district,2028,8740,780,720,600,3320,350,350,360,580,55,55,35,390,40,30,35,11000,940,900,750
Otorohanga district,2033,8770,740,750,600,3550,360,360,370,530,35,50,45,460,55,40,40,11000,920,910,800
Otorohanga district,2038,8730,690,720,620,3820,390,370,380,470,30,35,40,540,60,55,50,10950,840,890,810
South Waikato district,2013,16450,1200,1210,1180,7650,880,860,750,770,70,50,40,2920,350,360,280,23200,1780,1820,1730
South Waikato district,2018,17000,1200,1150,1010,8270,1000,910,810,1270,105,85,60,3220,480,380,310,24000,1940,1710,1500
South Waikato district,2023,17250,1150,1130,930,8750,1090,1020,850,1580,150,110,85,3420,500,510,330,24000,1840,1850,1360
South Waikato district,2028,17400,1210,1080,910,9190,1040,1120,970,1780,150,150,100,3560,480,520,450,23800,1820,1740,1500
South Waikato district,2033,17400,1230,1140,860,9630,1010,1070,1070,1970,140,150,140,3730,480,500,460,23300,1670,1720,1400
South Waikato district,2038,17200,1140,1160,920,10100,1020,1040,1020,2150,130,140,140,3950,500,500,440,22600,1450,1580,1380
Waitomo district,2013,6160,450,460,360,3940,440,420,380,260,20,25,15,440,70,40,45,9340,750,760,660
Waitomo district,2018,6370,470,450,380,4130,450,450,430,420,30,35,30,650,100,80,50,9830,810,720,660
Waitomo district,2023,6130,460,440,350,4270,420,470,460,550,40,40,35,830,100,110,85,9770,770,770,600
Waitomo district,2028,5860,430,430,330,4410,410,430,470,620,40,45,40,1010,105,105,115,9650,790,730,640
Waitomo district,2033,5520,410,400,320,4530,400,420,440,680,40,45,40,1210,120,110,110,9430,740,740,610
Waitomo district,2038,5100,360,370,290,4650,400,420,430,750,40,45,45,1420,140,125,115,9120,670,700,620
Taupo district,2013,27000,1840,1750,1500,10250,1120,1010,940,1390,115,95,75,1000,130,120,115,34800,2540,2390,2130
Taupo district,2018,28200,1960,1830,1410,11100,1270,1140,1030,2750,220,180,140,1130,140,125,125,37200,2700,2580,2130
Taupo district,2023,28700,2020,1920,1460,11850,1170,1300,1160,3290,280,230,180,1210,150,130,125,38100,2530,2710,2260
Taupo district,2028,29200,2050,1980,1550,12600,1190,1200,1330,3820,270,290,230,1250,145,135,120,38700,2530,2530,2390
Taupo district,2033,29300,2040,2010,1610,13450,1220,1220,1220,4340,270,280,300,1280,145,130,125,39000,2430,2540,2210
Taupo district,2038,29300,1940,2000,1640,14300,1290,1250,1250,4850,270,280,280,1320,145,130,120,39100,2280,2430,2220
Western Bay of Plenty district,2013,37700,2360,2680,2310,8580,970,940,830,2620,160,160,160,1150,130,125,125,45500,3000,3330,2930
Western Bay of Plenty district,2018,38900,2500,2510,2240,9460,1070,1040,950,4990,370,280,260,1490,190,135,130,49500,3300,3310,2930
Western Bay of Plenty district,2023,39600,2410,2630,2040,10400,1150,1150,1050,6230,510,410,300,1840,225,195,135,51800,3220,3570,2850
Western Bay of Plenty district,2028,40200,2540,2550,2150,11400,1210,1230,1170,7440,550,560,440,2210,260,230,200,53800,3410,3490,3110
Western Bay of Plenty district,2033,40500,2590,2670,2070,12500,1290,1290,1260,8630,580,590,580,2610,300,270,230,55500,3410,3670,3030
Western Bay of Plenty district,2038,40300,2480,2730,2190,13700,1390,1370,1320,9780,590,620,620,3040,330,300,270,56900,3290,3680,3210
Tauranga city,2013,101100,6600,6460,5970,21300,2560,2300,2030,7130,600,570,530,3010,450,370,290,119800,8250,8090,7490
Tauranga city,2018,109500,7170,7070,6410,24200,3040,2790,2460,11550,960,840,770,3840,580,490,390,134600,9210,8980,8330
Tauranga city,2023,116000,7120,7550,6880,27300,3060,3290,2960,14600,1200,1080,930,4690,650,620,500,145800,8930,9840,9000
Tauranga city,2028,120800,7460,7420,7290,30700,3270,3310,3480,16950,1290,1260,1120,5580,730,680,620,154900,9540,9490,9790
Tauranga city,2033,125300,7690,7760,7150,34500,3570,3530,3500,19200,1300,1340,1310,6590,830,760,690,163600,9910,10100,9450
Tauranga city,2038,129200,7730,8000,7500,38800,4000,3840,3740,21400,1320,1360,1390,7730,970,860,760,171700,10010,10470,10060
Rotorua district,2013,46800,3390,3430,3060,25400,2830,2740,2550,4900,320,310,360,3590,470,460,400,68400,5230,5350,5030
Rotorua district,2018,48400,3320,3440,2920,27000,3030,2910,2820,7050,450,410,400,4070,610,500,450,71800,5330,5280,5020
Rotorua district,2023,49100,3190,3320,2880,28400,3020,3090,2970,8700,720,500,450,4580,660,640,490,73400,4890,5310,4830
Rotorua district,2028,49500,3210,3200,2760,29900,3040,3080,3160,9910,790,740,520,5090,690,690,630,74000,5000,4850,4840
Rotorua district,2033,49400,3160,3210,2630,31400,3110,3100,3150,11000,780,810,760,5670,740,720,680,74100,4920,4960,4380
Rotorua district,2038,48700,2930,3170,2650,33100,3250,3170,3170,12050,730,800,830,6330,810,770,710,73600,4640,4880,4490
Whakatane district,2013,23100,1600,1630,1420,14800,1660,1630,1450,940,85,70,55,940,135,115,90,34200,2690,2730,2430
Whakatane district,2018,23800,1630,1570,1400,15700,1660,1790,1520,1880,155,130,105,1130,190,150,110,35800,2640,2760,2350
Whakatane district,2023,24000,1400,1570,1300,16250,1810,1770,1660,2460,220,170,140,1310,195,200,145,36200,2600,2680,2330
Whakatane district,2028,24100,1480,1340,1310,16600,1680,1930,1630,3040,240,230,180,1480,200,205,195,36400,2590,2630,2250
Whakatane district,2033,24200,1540,1410,1080,16850,1580,1790,1800,3620,260,250,250,1690,220,210,200,36300,2470,2620,2200
Whakatane district,2038,24000,1500,1470,1150,17050,1530,1690,1660,4200,270,270,260,1950,260,230,205,35800,2290,2510,2200
Kawerau district,2013,3580,250,280,230,3990,440,440,380,190,10,10,10,290,45,30,25,6650,550,570,490
Kawerau district,2018,3680,240,270,250,4200,510,430,370,290,25,15,10,340,50,45,30,6840,590,530,470
Kawerau district,2023,3540,240,250,230,4270,480,500,360,350,30,30,15,360,45,45,45,6630,510,560,420
Kawerau district,2028,3420,230,250,200,4270,450,470,430,410,30,30,25,370,40,45,45,6370,510,480,450
Kawerau district,2033,3280,230,240,200,4230,420,440,400,460,30,30,30,400,45,40,40,6030,470,480,370
Kawerau district,2038,3110,220,240,190,4170,400,410,370,520,30,30,30,430,50,45,40,5620,400,430,370
Opotiki district,2013,4800,330,320,280,5070,530,520,440,280,20,10,15,290,45,35,30,8780,710,680,590
Opotiki district,2018,4850,280,310,240,5320,510,510,420,380,35,20,15,350,55,50,35,8800,660,670,490
Opotiki district,2023,4750,300,250,210,5360,580,480,400,460,50,35,25,410,65,55,50,8550,710,610,470
Opotiki district,2028,4660,330,260,150,5320,520,550,370,520,50,50,35,490,70,65,60,8220,690,660,420
Opotiki district,2033,4540,350,290,170,5200,450,490,440,580,50,50,50,570,80,75,70,7790,620,650,460
Opotiki district,2038,4340,320,310,200,5010,380,420,380,630,50,50,50,670,95,85,75,7260,520,580,450
Gisborne district,2013,29100,2180,2100,1880,23000,2550,2450,2120,1280,125,90,80,1980,305,265,200,47000,3950,3860,3450
Gisborne district,2018,30000,2350,2200,1600,24600,2680,2590,2420,1630,165,125,80,2340,330,320,260,48500,4040,3970,3350
Gisborne district,2023,30700,2390,2360,1680,26000,2670,2720,2560,1930,195,165,115,2700,380,340,310,49400,3810,4050,3440
Gisborne district,2028,31200,2470,2400,1840,27400,2660,2710,2690,2230,210,190,150,3100,410,400,340,50000,3780,3820,3510
Gisborne district,2033,31400,2410,2480,1880,28700,2660,2700,2680,2530,220,210,180,3550,450,420,390,50300,3630,3790,3290
Gisborne district,2038,31300,2220,2430,1960,30200,2720,2700,2670,2830,230,220,200,4070,520,470,420,50200,3420,3640,3260
Wairoa district,2013,4240,330,320,230,5170,550,510,470,170,20,10,5,200,25,25,25,8300,700,660,590
Wairoa district,2018,4160,350,290,260,5200,560,530,400,240,25,20,5,230,30,30,25,8140,710,640,520
Wairoa district,2023,4070,300,310,230,5050,480,540,420,280,30,25,20,270,40,35,30,7890,650,650,490
Wairoa district,2028,3990,310,260,250,4790,420,450,420,320,30,30,25,320,45,40,35,7610,640,590,500
Wairoa district,2033,3880,320,270,200,4440,350,390,330,360,25,30,25,370,50,45,40,7250,600,580,450
Wairoa district,2038,3730,320,290,210,4010,280,320,270,390,25,25,25,430,60,55,45,6810,540,540,430
Hastings district,2013,58000,4100,4190,3810,19300,2250,2110,1960,3500,280,280,260,5090,660,640,500,76700,5820,5970,5490
Hastings district,2018,59400,4170,4140,3580,21000,2490,2340,2120,5150,430,360,320,5940,780,690,620,80000,6100,6010,5420
Hastings district,2023,60500,3800,4210,3510,22700,2670,2590,2360,6580,560,500,390,6830,1010,820,680,82100,5880,6260,5420
Hastings district,2028,61300,3950,3850,3580,24400,2750,2770,2610,7900,650,620,520,7780,1050,1050,810,83900,5840,6040,5670
Hastings district,2033,61700,3990,3990,3210,26400,2870,2860,2800,9210,700,710,640,8840,1140,1100,1030,85200,5720,6000,5460
Hastings district,2038,61400,3780,4030,3360,28600,3060,2980,2890,10500,720,750,730,10050,1260,1180,1080,86000,5540,5880,5420
Napier city,2013,50200,3230,3210,3200,11900,1390,1350,1210,2220,140,150,160,2030,260,240,220,59600,3960,4060,4020
Napier city,2018,51500,3390,3390,3000,13400,1600,1450,1400,3120,230,190,200,2440,340,290,250,62100,4260,4210,3860
Napier city,2023,52000,3170,3520,3130,14950,1700,1670,1500,3860,350,260,220,2820,360,360,290,63400,4040,4480,3970
Napier city,2028,52200,3160,3310,3260,16650,1830,1780,1740,4630,400,370,300,3240,390,380,360,64400,3950,4260,4240
Napier city,2033,52100,3130,3300,3050,18500,1960,1910,1850,5400,440,430,410,3700,430,410,390,65100,3830,4170,4030
Napier city,2038,51600,2990,3270,3040,20500,2130,2040,1990,6180,470,470,460,4210,480,450,420,65300,3710,4050,3940
Central Hawke's Bay district,2013,11300,740,730,640,3040,310,330,290,220,15,15,15,320,40,35,40,13250,870,890,810
Central Hawke's Bay district,2018,11700,860,720,610,3290,410,330,330,450,40,30,25,380,55,45,30,13850,1030,850,730
Central Hawke's Bay district,2023,11750,790,830,580,3490,370,420,320,590,60,45,30,440,60,60,45,13900,930,1000,670
Central Hawke's Bay district,2028,11700,770,750,680,3650,360,380,410,720,60,65,50,500,65,65,60,13800,900,890,820
Central Hawke's Bay district,2033,11500,750,730,610,3820,370,370,360,850,65,65,65,570,75,70,65,13550,830,870,710
Central Hawke's Bay district,2038,11200,700,710,590,3990,380,370,360,990,65,70,65,650,85,80,70,13150,750,800,690
New Plymouth district,2013,67700,4510,4330,4130,12550,1470,1350,1200,3400,250,210,220,1440,175,190,145,77100,5250,5110,4840
New Plymouth district,2018,70900,5110,4710,4010,14250,1650,1530,1400,4730,400,300,240,1790,260,190,190,81900,5880,5510,4790
New Plymouth district,2023,73300,5110,5290,4330,15950,1580,1720,1580,5730,580,420,300,2140,270,280,190,85100,5850,6100,5130
New Plymouth district,2028,75500,5310,5290,4910,17700,1690,1640,1770,6660,620,590,430,2530,300,290,280,88000,5820,6070,5720
New Plymouth district,2033,77400,5330,5500,4910,19650,1830,1760,1700,7530,600,630,600,2940,340,320,290,90400,5630,6050,5690
New Plymouth district,2038,78900,5170,5520,5120,21700,2010,1900,1810,8380,570,620,640,3410,390,350,320,92400,5440,5850,5670
Stratford district,2013,8600,610,640,570,1160,140,130,135,220,25,15,10,60,5,10,5,9210,650,680,630
Stratford district,2018,8700,680,630,580,1280,175,140,115,300,25,25,10,80,15,10,10,9370,730,670,580
Stratford district,2023,8810,610,700,570,1380,185,175,125,350,35,25,25,110,20,15,10,9440,700,750,570
Stratford district,2028,8950,660,630,640,1480,180,185,165,400,35,35,25,140,20,20,15,9490,710,730,650
Stratford district,2033,9070,680,680,570,1570,180,185,175,430,35,40,35,170,25,20,20,9510,690,730,630
Stratford district,2038,9150,660,700,620,1680,180,180,170,470,30,35,35,210,30,25,20,9470,660,720,640
South Taranaki district,2013,23100,1690,1680,1480,6740,750,720,620,720,55,55,55,480,70,65,55,27500,2030,2070,1820
South Taranaki district,2018,23400,1840,1570,1440,7360,870,780,710,990,85,65,55,570,90,75,65,27900,2160,1980,1820
South Taranaki district,2023,23700,1750,1720,1320,7890,870,900,770,1210,100,90,65,670,100,95,75,28100,2060,2100,1710
South Taranaki district,2028,23900,1840,1640,1470,8370,870,900,890,1440,110,100,90,780,110,105,95,28200,2010,1990,1830
South Taranaki district,2033,24000,1860,1720,1380,8870,880,890,890,1670,120,115,105,910,120,115,105,28000,1920,1950,1720
South Taranaki district,2038,24000,1780,1740,1470,9420,910,900,890,1890,125,120,115,1050,135,125,110,27800,1810,1850,1680
Ruapehu district,2013,8750,630,540,520,5330,640,500,480,410,30,30,30,310,60,35,25,12450,1000,850,840
Ruapehu district,2018,9050,700,570,400,5660,700,660,470,560,40,30,25,340,45,60,30,12600,1020,910,730
Ruapehu district,2023,8790,690,610,400,5840,630,710,630,690,50,40,25,370,45,45,60,12100,910,920,770
Ruapehu district,2028,8570,660,610,450,5820,550,620,680,770,55,50,35,400,40,45,40,11500,890,810,770
Ruapehu district,2033,8230,640,580,450,5780,500,540,580,850,55,55,40,430,45,40,40,10750,790,780,660
Ruapehu district,2038,7760,570,560,420,5730,500,490,500,910,55,55,50,470,55,45,40,9920,670,690,640
Whanganui district,2013,36100,2250,2410,2350,10350,1080,1120,1060,1360,105,110,130,1300,155,150,150,43500,2830,3040,3040
Whanganui district,2018,36300,2410,2310,2170,11250,1250,1130,1060,2210,160,150,170,1500,205,165,150,44200,3080,2910,2760
Whanganui district,2023,36300,2280,2470,2050,12100,1300,1300,1070,2930,250,180,180,1690,245,215,165,44400,2790,3150,2610
Whanganui district,2028,36300,2320,2340,2210,12900,1320,1350,1240,3680,320,280,220,1890,255,255,215,44400,2780,2860,2850
Whanganui district,2033,36000,2290,2380,2080,13750,1330,1380,1290,4450,370,340,310,2110,270,270,250,44000,2680,2850,2560
Whanganui district,2038,35300,2140,2350,2120,14600,1370,1380,1310,5210,400,390,370,2370,300,280,270,43400,2520,2750,2540
Rangitikei district,2013,11950,800,790,700,3630,380,370,350,250,15,20,20,590,85,45,50,14550,1030,1000,900
Rangitikei district,2018,12150,880,730,590,3850,400,390,370,490,35,30,25,850,125,95,50,14950,1100,990,820
Rangitikei district,2023,12000,850,800,520,4040,440,410,380,690,60,45,30,1100,180,130,100,14900,1170,1060,800
Rangitikei district,2028,11800,860,760,580,4170,440,440,400,890,70,65,50,1350,185,190,135,14750,1150,1130,860
Rangitikei district,2033,11450,840,780,540,4320,430,440,430,1090,80,80,70,1630,195,190,195,14450,1060,1110,930
Rangitikei district,2038,10900,740,750,560,4460,440,440,430,1290,80,85,85,1940,225,200,200,14000,930,1010,910
Manawatu district,2013,26000,1800,1920,1830,4390,530,480,470,600,40,50,60,480,85,55,60,28500,2000,2120,2040
Manawatu district,2018,27700,1990,2010,1770,4940,560,560,480,1060,70,75,110,580,75,85,55,30700,2110,2180,1970
Manawatu district,2023,28600,1960,2150,1800,5440,610,580,560,1450,115,95,125,680,105,75,85,31900,2100,2270,1990
Manawatu district,2028,29400,2050,2130,1940,5950,630,640,580,1860,145,140,145,790,110,105,75,32900,2160,2260,2080
Manawatu district,2033,30100,2110,2220,1920,6490,660,660,640,2290,170,170,190,910,125,115,105,33800,2130,2320,2070
Manawatu district,2038,30600,2070,2280,2010,7080,700,690,660,2720,190,190,220,1050,135,125,115,34400,2040,2290,2130
Palmerston North city,2013,66700,4330,4190,5370,14300,1640,1490,1610,8550,530,530,730,3870,440,430,430,83500,5470,5390,6900
Palmerston North city,2018,68000,4480,4340,5340,16050,1790,1690,1700,11250,850,640,930,4580,640,460,450,88200,5900,5540,6990
Palmerston North city,2023,68800,4000,4490,5430,17850,1780,1860,1920,13150,1030,910,970,5310,740,660,490,91400,5560,5920,7090
Palmerston North city,2028,69400,4230,4010,5610,19750,1900,1850,2100,14650,1040,1070,1220,6050,770,760,690,94200,5720,5580,7460
Palmerston North city,2033,69900,4350,4250,5140,21800,2010,1970,2100,16000,970,1080,1380,6840,810,800,790,96700,5780,5740,7110
Palmerston North city,2038,70100,4250,4370,5380,23900,2150,2080,2220,17250,910,1020,1390,7710,870,830,820,98800,5740,5790,7280
Tararua district,2013,15100,1120,1030,900,3830,460,410,390,400,25,35,35,290,40,40,25,17450,1330,1240,1110
Tararua district,2018,15100,1140,1080,820,4190,500,470,400,610,40,35,40,340,45,45,40,17500,1320,1280,1000
Tararua district,2023,15000,1080,1100,870,4550,500,510,460,740,70,45,30,390,55,45,45,17300,1200,1260,1030
Tararua district,2028,14800,1080,1040,890,4930,520,520,500,880,75,75,40,440,60,60,50,17000,1170,1150,1020
Tararua district,2033,14450,1050,1040,820,5330,540,540,510,1020,80,80,70,500,65,60,60,16600,1110,1110,900
Tararua district,2038,14000,970,1010,820,5770,580,560,530,1150,80,85,75,570,75,70,65,16050,1020,1050,870
Horowhenua district,2013,26000,1580,1650,1580,7300,820,820,780,1120,85,85,85,1580,215,205,165,31200,2000,2090,2020
Horowhenua district,2018,26400,1520,1600,1470,8000,930,830,810,1590,110,105,90,1920,295,240,210,32200,2030,2040,1890
Horowhenua district,2023,26400,1470,1510,1390,8750,910,950,820,1830,140,115,90,2230,290,310,240,32500,1890,2040,1800
Horowhenua district,2028,26200,1520,1460,1290,9570,1000,940,960,2070,150,140,100,2570,320,310,320,32600,1930,1910,1810
Horowhenua district,2033,26000,1540,1510,1240,10450,1080,1030,950,2310,160,150,130,2940,360,340,310,32400,1900,1950,1670
Horowhenua district,2038,25400,1450,1540,1290,11450,1170,1120,1040,2540,170,170,140,3360,400,380,340,32000,1790,1920,1710
Kapiti Coast district,2013,45700,2750,2830,2530,6940,840,700,680,1870,145,150,155,1420,185,180,155,50700,3130,3210,2930
Kapiti Coast district,2018,47300,3050,2770,2510,7820,970,910,700,2600,200,190,170,1710,225,195,180,53100,3430,3280,2910
Kapiti Coast district,2023,48100,2730,3030,2390,8680,950,1040,920,3240,270,230,200,2030,260,240,190,54700,3060,3560,2940
Kapiti Coast district,2028,48900,2830,2710,2650,9600,1000,1020,1060,3890,300,300,250,2360,290,270,240,56200,3140,3190,3220
Kapiti Coast district,2033,49500,2900,2810,2330,10650,1080,1080,1040,4530,330,330,310,2730,330,310,270,57500,3150,3270,2850
Kapiti Coast district,2038,49800,2820,2880,2440,11750,1180,1150,1090,5160,360,360,350,3130,370,340,310,58500,3090,3280,2930
Porirua city,2013,34400,2770,2440,2210,11450,1360,1230,1180,3550,310,260,270,14550,1540,1540,1530,53700,4320,4150,4020
Porirua city,2018,36200,2730,2500,2230,12500,1520,1370,1260,4730,450,340,270,15450,1870,1520,1510,56600,4570,4100,3950
Porirua city,2023,37300,2580,2440,2270,13400,1430,1540,1410,5630,590,450,320,16400,1790,1850,1490,58300,4340,4320,3860
Porirua city,2028,38200,2550,2290,2210,14300,1490,1440,1570,6500,620,590,440,17400,1870,1770,1820,59500,4230,4090,4080
Porirua city,2033,38600,2460,2260,2060,15350,1560,1510,1470,7340,640,620,580,18450,1950,1850,1740,60300,4040,3980,3850
Porirua city,2038,38700,2290,2170,2030,16450,1670,1580,1540,8170,660,640,600,19550,2020,1920,1820,60600,3810,3790,3740
Upper Hutt city,2013,35300,2330,2390,2440,6020,650,590,580,2570,200,190,180,2090,270,230,210,41300,2730,2830,2900
Upper Hutt city,2018,36700,2520,2370,2290,6580,760,670,600,3360,280,210,240,2340,290,280,230,43400,2970,2800,2720
Upper Hutt city,2023,37900,2430,2560,2240,7040,740,790,680,4060,400,290,240,2590,340,310,290,44900,2940,3020,2670
Upper Hutt city,2028,38900,2560,2480,2440,7520,750,770,800,4740,420,400,330,2850,340,360,310,46100,2920,2990,2900
Upper Hutt city,2033,39700,2570,2600,2360,8030,770,780,780,5410,440,430,440,3130,360,360,360,47100,2810,2970,2860
Upper Hutt city,2038,40200,2440,2620,2480,8600,820,800,800,6080,450,440,460,3460,390,380,360,47700,2660,2860,2850
Lower Hutt city,2013,72700,5070,4720,4530,17750,2000,1860,1680,12000,860,800,810,11500,1300,1220,1180,101200,7160,6970,6880
Lower Hutt city,2018,73800,4830,4620,4440,19350,2190,2060,1900,15100,1170,900,770,12600,1480,1380,1220,105000,7240,6870,6690
Lower Hutt city,2023,74200,4440,4380,4310,20900,2260,2260,2120,17450,1520,1160,810,13600,1500,1570,1380,106800,6770,6900,6540
Lower Hutt city,2028,74400,4670,3990,4090,22400,2270,2340,2330,19150,1540,1480,1050,14550,1500,1570,1560,107800,6790,6410,6550
Lower Hutt city,2033,74100,4760,4220,3700,24000,2310,2340,2410,20500,1410,1490,1380,15600,1550,1580,1570,108100,6610,6430,6070
Lower Hutt city,2038,73400,4570,4310,3930,25800,2430,2380,2410,21800,1260,1370,1390,16700,1630,1630,1580,107700,6240,6250,6080
Wellington city,2013,152700,8840,8270,11160,16650,1450,1360,1680,31800,1920,1890,2150,9930,910,890,1000,197500,11260,10770,14320
Wellington city,2018,157900,8500,8810,11740,18200,1550,1450,1460,41900,2680,2200,2110,10550,960,950,910,212800,11550,11530,14850
Wellington city,2023,160400,7530,8480,12220,19800,1470,1560,1560,49600,3260,2800,2270,11200,1090,1010,980,222600,10580,11710,15380
Wellington city,2028,162200,8050,7490,11920,21400,1600,1490,1690,56100,3580,3330,2830,11700,1090,1120,1030,230500,11080,10680,15500
Wellington city,2033,163800,8510,8010,10980,23000,1650,1620,1610,62200,3610,3640,3360,12200,1080,1120,1150,238000,11570,11180,14460
Wellington city,2038,164900,8570,8480,11510,24600,1650,1670,1750,68000,3500,3670,3670,12650,1090,1120,1150,244600,11710,11660,14970
Masterton district,2013,21100,1380,1440,1370,4580,520,510,510,650,60,40,45,830,125,100,80,24100,1610,1670,1630
Masterton district,2018,21900,1430,1510,1340,5110,570,540,520,930,70,65,40,940,120,135,105,25000,1660,1700,1540
Masterton district,2023,22200,1340,1540,1380,5690,650,600,550,1170,105,75,65,1060,140,130,135,25500,1590,1740,1560
Masterton district,2028,22400,1410,1450,1410,6320,710,680,620,1410,120,110,75,1200,150,150,130,25800,1610,1670,1590
Masterton district,2033,22500,1430,1520,1320,7000,760,740,700,1650,130,130,110,1360,170,160,150,25900,1560,1690,1520
Masterton district,2038,22500,1360,1540,1390,7730,800,790,770,1900,135,135,125,1540,195,180,160,25800,1450,1640,1540
Carterton district,2013,7890,530,510,510,1040,110,110,130,130,10,5,15,160,25,20,20,8490,580,560,560
Carterton district,2018,8360,560,510,510,1190,130,115,105,190,10,10,10,190,30,30,20,9070,630,600,540
Carterton district,2023,8500,550,530,490,1330,110,140,115,240,30,15,10,210,25,30,30,9330,580,640,580
Carterton district,2028,8610,550,520,510,1480,125,120,135,280,30,30,15,240,25,25,30,9530,580,590,610
Carterton district,2033,8630,560,520,490,1640,140,135,120,320,30,30,35,270,30,30,25,9670,570,600,570
Carterton district,2038,8570,540,530,490,1800,150,150,135,360,30,30,30,300,35,30,30,9720,560,590,570
South Wairarapa district,2013,9000,620,530,480,1390,185,140,130,230,10,15,20,200,30,25,20,9800,670,600,530
South Wairarapa district,2018,9380,640,580,430,1540,160,190,135,300,20,10,20,220,35,30,25,10250,680,660,490
South Wairarapa district,2023,9590,550,600,470,1700,160,170,190,340,30,20,10,240,25,40,35,10500,630,660,550
South Wairarapa district,2028,9810,590,510,480,1870,180,170,170,380,30,30,20,270,25,25,40,10650,630,620,550
South Wairarapa district,2033,9980,620,540,390,2050,200,190,170,410,30,30,30,300,25,25,25,10800,630,620,500
South Wairarapa district,2038,10100,610,570,420,2250,220,210,190,440,25,30,30,330,30,30,25,10850,610,610,500
Tasman district,2013,46300,3210,3280,2820,3870,450,490,390,1100,80,80,75,560,70,65,50,48800,3400,3480,3010
Tasman district,2018,48300,3160,3420,2840,4290,460,480,480,1510,125,95,100,710,90,80,70,51300,3270,3630,3020
Tasman district,2023,49600,2890,3340,2950,4770,500,490,470,1940,160,140,115,860,90,100,90,53000,2960,3480,3150
Tasman district,2028,50600,2920,3070,2870,5310,560,540,480,2380,190,170,160,1020,95,95,105,54300,2910,3180,3010
Tasman district,2033,51200,2960,3100,2590,5910,630,590,530,2830,210,210,190,1180,105,105,105,55300,2880,3130,2710
Tasman district,2038,51300,2930,3140,2620,6570,700,670,590,3280,230,230,230,1350,115,115,110,55800,2840,3090,2650
Nelson city,2013,44100,2740,2710,2610,4830,580,520,500,2310,190,190,200,930,120,110,110,48700,3070,3110,3050
Nelson city,2018,45900,2830,3010,2650,5490,600,610,540,3420,300,220,270,1110,140,135,115,51800,3210,3360,3150
Nelson city,2023,46900,2620,3070,2900,6170,630,630,640,4370,370,310,300,1290,170,155,140,53700,2980,3480,3370
Nelson city,2028,47800,2650,2870,2960,6900,680,670,660,5320,430,390,390,1470,180,185,160,55300,2930,3240,3490
Nelson city,2033,48300,2650,2900,2760,7690,730,710,700,6290,470,440,460,1670,195,195,185,56500,2830,3190,3260
Nelson city,2038,48500,2570,2890,2800,8530,800,770,750,7270,500,480,520,1890,215,205,195,57400,2760,3100,3200
Marlborough district,2013,40600,2420,2320,2220,5300,540,510,520,1380,90,70,75,1100,135,115,100,44700,2690,2580,2520
Marlborough district,2018,41200,2650,2410,2010,5980,710,570,500,2150,150,110,100,1390,190,150,120,46000,2930,2740,2260
Marlborough district,2023,41400,2480,2650,2100,6670,780,750,560,2840,250,170,140,1610,195,200,150,46900,2740,2970,2420
Marlborough district,2028,41500,2520,2480,2340,7380,800,820,750,3510,270,260,190,1840,195,205,205,47400,2660,2790,2650
Marlborough district,2033,41300,2500,2510,2160,8160,830,850,830,4170,280,290,290,2070,210,210,210,47600,2550,2710,2460
Marlborough district,2038,40700,2400,2500,2200,9020,900,880,850,4820,280,300,320,2320,230,220,210,47500,2450,2600,2380
Kaikoura district,2013,3240,180,170,160,650,75,65,55,90,10,0,0,40,5,5,5,3640,210,200,190
Kaikoura district,2018,3250,200,170,130,730,95,85,55,140,10,10,5,50,10,5,5,3670,230,220,160
Kaikoura district,2023,3260,190,200,130,800,100,100,75,170,15,10,10,60,5,10,5,3690,260,240,170
Kaikoura district,2028,3260,190,180,160,860,100,105,90,210,15,15,15,70,5,5,10,3680,240,260,200
Kaikoura district,2033,3230,190,180,140,940,100,105,95,240,15,20,20,90,5,5,5,3640,220,250,220
Kaikoura district,2038,3160,170,180,140,1010,105,110,95,270,15,20,20,100,5,10,10,3580,210,230,200
Buller district,2013,9960,610,600,530,1090,115,100,105,290,25,20,15,110,15,10,5,10650,660,640,580
Buller district,2018,9490,680,570,430,1180,130,115,100,320,25,25,20,140,15,15,10,10100,720,650,490
Buller district,2023,9430,580,670,430,1250,130,130,115,350,15,25,25,160,15,20,20,10000,620,730,510
Buller district,2028,9510,630,570,540,1330,130,130,130,380,15,15,25,180,15,20,20,9910,590,630,590
Buller district,2033,9540,650,620,430,1400,130,130,125,410,20,15,15,210,15,15,20,9800,580,590,490
Buller district,2038,9520,620,640,480,1470,135,130,130,430,20,20,20,230,20,20,20,9670,580,590,450
Grey district,2013,12950,830,820,830,1340,135,150,140,310,20,20,15,180,25,15,20,13700,880,880,890
Grey district,2018,12800,930,780,710,1430,185,140,135,360,30,20,20,220,30,25,10,13600,970,850,750
Grey district,2023,12850,820,890,680,1520,145,190,125,420,35,35,20,260,25,30,25,13550,870,950,730
Grey district,2028,13000,870,790,800,1600,150,150,180,460,35,35,30,300,25,25,30,13450,830,850,830
Grey district,2033,13000,880,840,700,1700,160,160,140,500,35,35,30,330,30,30,25,13250,790,810,730
Grey district,2038,12900,810,850,750,1790,170,165,145,550,35,35,35,370,30,30,30,12950,730,760,690
Westland district,2013,7750,490,460,410,1170,120,135,100,310,15,10,20,120,15,20,10,8570,530,510,470
Westland district,2018,7860,520,500,360,1280,115,120,135,450,30,20,15,150,20,15,20,8850,560,530,420
Westland district,2023,7770,470,530,400,1390,140,120,120,560,45,30,20,180,15,20,15,8910,540,550,440
Westland district,2028,7640,460,470,420,1500,140,140,120,640,50,45,30,210,20,20,20,8910,520,530,460
Westland district,2033,7430,440,460,370,1610,150,145,145,720,45,50,50,250,20,20,20,8820,490,520,440
Westland district,2038,7160,410,450,360,1730,155,150,150,790,35,40,50,280,25,25,20,8680,460,490,420
Hurunui district,2013,11300,780,730,640,920,120,95,85,320,25,10,20,100,10,10,15,12000,810,750,690
Hurunui district,2018,12050,860,790,610,1150,140,135,85,510,40,35,15,150,10,10,15,12950,890,820,610
Hurunui district,2023,12350,840,850,650,1330,150,155,125,710,60,45,40,200,15,10,10,13450,880,890,670
Hurunui district,2028,12600,880,830,700,1530,165,170,145,900,70,65,50,250,25,20,15,13850,920,880,740
Hurunui district,2033,12750,910,870,680,1740,180,180,160,1100,75,75,70,300,30,25,20,14200,920,920,730
Hurunui district,2038,12850,890,900,720,1990,205,200,170,1300,80,80,80,350,30,30,25,14400,880,910,770
Waimakariri district,2013,49800,3530,3650,3480,4080,510,510,430,990,80,90,100,460,70,60,50,52300,3700,3860,3710
Waimakariri district,2018,57400,3680,4020,3810,4880,500,570,510,1560,110,105,110,650,75,80,65,60900,3950,4200,3910
Waimakariri district,2023,62000,3970,4010,4000,5580,590,560,570,2110,170,130,120,860,125,85,85,66800,4120,4260,4140
Waimakariri district,2028,66000,4200,4270,3950,6310,650,640,560,2480,200,170,130,1100,150,135,90,71500,4370,4390,4170
Waimakariri district,2033,69900,4510,4500,4210,7100,730,710,650,2850,210,200,170,1360,180,160,140,75800,4630,4640,4300
Waimakariri district,2038,73400,4710,4820,4440,7970,810,790,720,3210,230,220,200,1650,210,190,165,79600,4660,4900,4550
Christchurch city,2013,302400,17700,17390,19740,31800,3330,3030,3230,35800,2120,2070,2730,11700,1290,1160,1220,356700,20760,20810,24070
Christchurch city,2018,316900,19070,17870,19690,36300,4090,3500,3390,51000,3560,2830,3700,13550,1550,1380,1260,387200,23080,21560,25180
Christchurch city,2023,326100,17580,19120,19840,40800,4360,4300,3890,62700,5170,4040,4220,15500,1890,1650,1490,408800,22380,23420,25330
Christchurch city,2028,332600,18180,17510,21010,45300,4600,4590,4750,70300,5300,5420,5160,17500,2000,1990,1760,423800,23220,22500,26980
Christchurch city,2033,337800,18280,18120,19430,50100,4780,4840,5050,77600,5070,5550,6530,19650,2130,2100,2100,437500,23570,23330,26050
Christchurch city,2038,341200,17710,18220,20040,55200,5080,5030,5310,84900,5060,5320,6660,22000,2290,2220,2210,449100,23260,23690,26890
Selwyn district,2013,43700,3560,3310,3300,3460,420,400,380,1590,115,120,155,590,70,60,65,46700,3740,3520,3570
Selwyn district,2018,56500,4400,4500,4280,4630,470,470,450,3120,210,190,250,810,95,80,65,61900,4650,4640,4490
Selwyn district,2023,64300,4830,5000,5080,5580,560,510,510,4460,390,260,300,1050,150,100,85,71900,5040,5160,5290
Selwyn district,2028,69600,4860,5240,5400,6560,660,610,550,5660,480,430,350,1300,170,155,110,79200,5350,5440,5720
Selwyn district,2033,75100,5100,5270,5640,7620,740,700,650,6870,550,520,510,1570,190,180,165,86200,5800,5750,6000
Selwyn district,2038,80700,5520,5520,5670,8760,830,790,750,8100,590,580,600,1860,210,200,190,92900,5910,6200,6310
Ashburton district,2013,28800,1900,1840,1660,2490,310,270,230,1400,120,95,70,1160,150,100,95,32300,2200,2110,1910
Ashburton district,2018,30000,2250,1930,1630,3120,390,340,290,2000,150,130,110,1500,225,160,105,34700,2680,2320,1880
Ashburton district,2023,30900,2210,2270,1690,3610,400,420,360,2360,230,160,130,1820,270,235,160,36300,2710,2780,2060
Ashburton district,2028,31800,2360,2240,2030,4090,440,430,440,2680,200,230,160,2120,260,280,240,37800,2760,2810,2520
Ashburton district,2033,32700,2420,2380,2000,4620,470,470,450,3010,200,210,230,2460,270,270,280,39200,2700,2850,2550
Ashburton district,2038,33400,2380,2450,2150,5220,520,500,490,3340,200,200,210,2860,310,280,270,40500,2660,2800,2590
Timaru district,2013,42700,2500,2710,2680,3550,390,420,360,1200,70,100,105,560,60,55,70,45400,2690,2920,2920
Timaru district,2018,44100,2750,2680,2540,4130,500,410,440,1800,115,90,125,720,105,65,60,47400,2900,2860,2740
Timaru district,2023,44800,2700,2900,2470,4710,520,520,430,2380,220,130,120,890,140,110,75,48500,2850,3050,2640
Timaru district,2028,45500,2830,2860,2700,5340,580,550,550,2960,250,230,160,1070,150,145,115,49400,2880,3000,2840
Timaru district,2033,45900,2870,3000,2660,6030,640,600,570,3550,280,270,260,1270,165,155,155,50000,2820,3030,2790
Timaru district,2038,45900,2740,3030,2790,6800,700,660,630,4140,300,300,300,1500,185,165,165,50200,2670,2970,2820
Mackenzie district,2013,3980,260,270,200,310,35,45,25,200,15,10,10,60,5,5,0,4300,280,290,210
Mackenzie district,2018,4220,290,270,250,380,50,35,45,270,25,15,15,80,15,5,5,4680,330,290,260
Mackenzie district,2023,4230,300,280,230,440,30,50,40,330,20,25,15,110,10,15,5,4790,340,340,260
Mackenzie district,2028,4210,290,290,250,500,35,30,50,370,20,20,25,130,10,10,15,4880,330,350,300
Mackenzie district,2033,4180,280,280,250,570,45,35,35,420,20,20,20,150,10,10,10,4930,310,340,310
Mackenzie district,2038,4130,270,270,240,640,50,45,40,460,20,20,20,180,10,10,10,4980,300,320,300
Waimate district,2013,7310,450,410,470,530,75,60,45,240,20,15,15,50,5,5,5,7810,500,450,510
Waimate district,2018,7400,500,450,310,650,70,85,55,360,25,25,20,60,10,5,5,8040,540,500,390
Waimate district,2023,7440,470,490,350,750,90,80,80,440,40,30,25,70,5,10,5,8190,540,540,420
Waimate district,2028,7460,500,460,390,860,95,95,80,520,40,40,30,80,5,5,10,8330,550,540,460
Waimate district,2033,7420,500,490,370,990,110,105,95,600,45,45,40,90,5,5,5,8420,550,550,460
Waimate district,2038,7330,470,490,390,1140,125,120,105,680,45,45,45,100,5,5,5,8480,540,550,470
Chatham Islands territory,2013,460,50,25,15,350,35,20,15,10,0,0,0,10,0,0,0,600,55,30,25
Chatham Islands territory,2018,480,35,45,20,340,30,35,20,10,0,0,0,20,5,0,0,610,35,50,25
Chatham Islands territory,2023,500,35,30,40,330,25,30,35,20,0,0,0,30,5,5,5,610,35,30,45
Chatham Islands territory,2028,510,30,30,25,320,25,25,30,20,0,0,0,50,5,5,5,610,35,30,30
Chatham Islands territory,2033,520,30,30,25,320,25,25,25,30,0,0,0,60,10,5,5,620,35,30,30
Chatham Islands territory,2038,540,35,30,25,320,25,25,20,30,0,0,0,80,10,10,10,620,35,30,25
Waitaki district,2013,19800,1160,1220,1100,1480,170,170,145,730,70,55,60,550,85,65,35,21400,1320,1360,1230
Waitaki district,2018,19900,1270,1200,1030,1780,185,180,180,1250,75,90,80,760,105,95,70,22300,1420,1400,1190
Waitaki district,2023,20100,1260,1310,1000,2080,250,200,190,1520,115,80,100,970,135,110,100,22800,1500,1490,1210
Waitaki district,2028,20200,1350,1310,1110,2390,280,260,210,1780,125,125,95,1180,135,140,120,23300,1530,1570,1300
Waitaki district,2033,20300,1390,1390,1100,2730,310,300,270,2050,130,130,130,1420,155,145,145,23600,1520,1600,1380
Waitaki district,2038,20200,1330,1430,1190,3120,350,330,310,2310,130,140,140,1700,185,160,150,23900,1470,1580,1410
Central Otago district,2013,17450,1040,1090,810,1460,170,165,140,370,20,25,20,260,25,15,15,18500,1110,1160,890
Central Otago district,2018,19100,1220,1160,960,1680,220,180,170,600,40,30,35,380,40,35,20,20500,1310,1210,1040
Central Otago district,2023,19750,1220,1290,980,1910,180,230,185,830,50,50,40,510,45,45,40,21400,1250,1390,1060
Central Otago district,2028,20300,1200,1290,1110,2160,200,190,240,1060,60,60,55,630,50,50,55,22200,1230,1330,1230
Central Otago district,2033,20700,1190,1270,1110,2430,230,210,200,1290,65,70,70,760,55,55,55,22900,1180,1320,1170
Central Otago district,2038,21000,1180,1260,1090,2730,260,240,220,1520,70,75,80,900,65,65,65,23300,1130,1260,1160
Queenstown-Lakes district,2013,26300,1630,1360,1120,1710,155,150,170,2240,120,110,130,280,25,30,25,29700,1760,1530,1320
Queenstown-Lakes district,2018,31000,2130,1770,1410,2110,240,170,170,4660,290,220,260,470,50,35,40,38300,2440,1970,1820
Queenstown-Lakes district,2023,34300,2110,2220,1760,2470,250,250,180,6060,440,330,300,570,65,50,40,44000,2520,2630,2130
Queenstown-Lakes district,2028,36300,2080,2140,2170,2790,260,260,260,6730,420,450,370,650,60,65,55,47700,2610,2630,2730
Queenstown-Lakes district,2033,38200,2010,2110,2100,3140,270,270,280,7340,370,430,490,740,60,60,70,51100,2650,2720,2740
Queenstown-Lakes district,2038,39900,2000,2040,2070,3520,300,290,290,7920,340,380,470,820,60,60,65,54300,2610,2770,2820
Dunedin city,2013,110800,5930,6170,10340,10000,1070,920,1330,8190,340,360,1350,3180,340,300,430,123500,6550,6800,12200
Dunedin city,2018,112200,6140,6080,10290,11450,1200,1150,1300,11750,580,410,1540,3560,410,380,360,129000,6930,6820,12270
Dunedin city,2023,112800,5610,6340,10150,12850,1220,1290,1540,13850,740,580,1350,3960,460,450,440,132000,6500,7140,12140
Dunedin city,2028,112700,5590,5790,10420,14250,1310,1310,1700,15650,820,720,1470,4340,490,500,510,133900,6470,6680,12430
Dunedin city,2033,112400,5550,5760,9910,15800,1380,1410,1720,17350,900,800,1610,4740,510,530,560,135300,6490,6660,11960
Dunedin city,2038,111400,5400,5720,9900,17350,1460,1480,1820,19000,910,880,1690,5160,520,540,590,136200,6400,6670,11950
Clutha district,2013,16000,1070,1190,990,1780,190,205,160,390,30,30,30,220,15,20,20,17250,1150,1290,1090
Clutha district,2018,16200,1090,1070,1000,1940,245,200,205,590,45,40,35,300,30,20,20,17600,1190,1130,1100
Clutha district,2023,16050,1030,1070,860,2100,210,260,200,740,70,50,45,380,40,35,20,17550,1090,1160,930
Clutha district,2028,16000,1070,1000,870,2270,220,230,260,840,65,70,50,450,45,40,40,17500,1100,1070,950
Clutha district,2033,15800,1090,1050,800,2440,230,230,230,930,60,70,70,530,45,45,45,17300,1080,1080,860
Clutha district,2038,15450,1040,1080,840,2640,250,240,230,1030,60,65,70,620,50,50,50,17000,1020,1060,870
Southland district,2013,27800,2080,1970,1720,3110,410,390,280,1270,115,95,55,280,45,30,30,30300,2280,2190,1890
Southland district,2018,28400,2190,2070,1630,3370,380,410,380,1790,160,135,105,380,40,50,30,31400,2400,2270,1850
Southland district,2023,28600,2160,2160,1700,3620,380,380,410,2290,180,180,140,480,65,45,50,31800,2280,2370,1920
Southland district,2028,28700,2270,2130,1790,3890,400,380,370,2780,190,200,180,580,70,70,50,32100,2270,2260,2010
Southland district,2033,28700,2320,2240,1760,4190,430,400,380,3260,190,200,200,690,75,75,75,32200,2200,2240,1900
Southland district,2038,28600,2260,2290,1870,4530,460,430,390,3750,210,210,210,820,85,80,80,32100,2140,2180,1880
Gore district,2013,11400,740,740,750,1400,165,145,145,260,25,15,15,110,5,15,15,12400,840,830,840
Gore district,2018,11450,750,770,670,1550,195,170,140,340,30,25,15,130,15,10,15,12500,850,870,730
Gore district,2023,11400,700,770,690,1690,205,205,165,430,45,30,25,160,20,15,10,12400,790,870,770
Gore district,2028,11300,710,720,690,1840,205,210,200,510,45,45,30,180,20,20,15,12300,760,820,770
Gore district,2033,11150,710,730,640,1990,210,215,205,580,40,45,45,210,25,25,20,12100,720,780,720
Gore district,2038,10950,660,730,650,2160,220,220,210,670,40,45,45,240,25,25,25,11800,660,740,690
Invercargill city,2013,47700,3130,3020,2950,8240,930,860,790,1820,120,95,150,1780,230,220,155,53200,3510,3450,3470
Invercargill city,2018,48500,3250,3120,2870,9140,1070,960,900,3010,210,160,160,2170,300,250,230,55300,3760,3600,3360
Invercargill city,2023,48800,2960,3230,2940,9830,1020,1100,990,3650,300,220,180,2540,340,320,270,55900,3370,3810,3460
Invercargill city,2028,49000,3060,2940,3060,10500,1040,1040,1130,4270,320,310,240,2900,360,360,330,56300,3340,3420,3670
Invercargill city,2033,49000,3040,3040,2770,11250,1070,1060,1070,4870,330,330,330,3300,380,370,370,56300,3180,3400,3280
Invercargill city,2038,48600,2880,3030,2870,12050,1130,1100,1090,5430,310,340,350,3750,430,400,380,56000,2990,3230,3250
